Month,concerned
0,0.25
1,0.35606601717798214
2,0.4
3,0.35606601717798214
4,0.25
5,0.1439339828220179
6,0.1
7,0.14393398282201786
8,0.24999999999999997
9,0.3560660171779821
10,0.4
11,0.35606601717798225
12,0.25000000000000006
13,0.1439339828220178
14,0.1
15,0.14393398282201775
