Month,concerned
0,0.28047170797544313
1,0.25206760655393257
2,0.47504511958064577
3,0.45012248881710354
4,0.05489648113461634
5,0.013716032135786066
6,0.11278404031672855
7,0.11230972358765964
8,0.2483198842495711
9,0.27076162442062407
10,0.4879397974862829
11,0.4338452107208771
12,0.2566030697561217
13,0.2566581035188211
14,0.14675093422520458
15,0.058004736533693924
